<?xml version="1.0" encoding="UTF-8"?>
<AnyConnectProfile xmlns="http://schemas.xmlsoap.org/encoding/" xmlns:xsi="http://www.w3.org/2001/XMLSchema-instance" xsi:schemaLocation="http://schemas.xmlsoap.org/encoding/ AnyConnectProfile.xsd">
	<ClientInitialization>
		<UseStartBeforeLogon UserControllable="false">false</UseStartBeforeLogon>
		<AutomaticCertSelection UserControllable="false">true</AutomaticCertSelection>
		<ShowPreConnectMessage>false</ShowPreConnectMessage>
		<CertificateStore>All</CertificateStore>
		<CertificateStoreOverride>false</CertificateStoreOverride>
		<ProxySettings>Native</ProxySettings>
		<AllowLocalProxyConnections>true</AllowLocalProxyConnections>
		<AuthenticationTimeout>30</AuthenticationTimeout>
		<AutoConnectOnStart UserControllable="false">false</AutoConnectOnStart>
		<MinimizeOnConnect UserControllable="false">true</MinimizeOnConnect>
		<LocalLanAccess UserControllable="false">false</LocalLanAccess>
		<ClearSmartcardPin UserControllable="false">true</ClearSmartcardPin>
		<IPProtocolSupport>IPv4,IPv6</IPProtocolSupport>
		<AutoReconnect UserControllable="false">true
			<AutoReconnectBehavior UserControllable="false">DisconnectOnSuspend</AutoReconnectBehavior>
		</AutoReconnect>
		<AutoUpdate UserControllable="false">true</AutoUpdate>
		<RSASecurIDIntegration UserControllable="false">Automatic</RSASecurIDIntegration>
		<WindowsLogonEnforcement>SingleLocalLogon</WindowsLogonEnforcement>
		<WindowsVPNEstablishment>LocalUsersOnly</WindowsVPNEstablishment>
		<AutomaticVPNPolicy>false</AutomaticVPNPolicy>
		<PPPExclusion UserControllable="false">Disable
			<PPPExclusionServerIP UserControllable="false"></PPPExclusionServerIP>
		</PPPExclusion>
		<EnableScripting UserControllable="false">false</EnableScripting>
		<CertificateMatch>
			<KeyUsage>
				<MatchKey>Digital_Signature</MatchKey>
			</KeyUsage>
			<DistinguishedName>
				<DistinguishedNameDefinition Operator="Equal" Wildcard="Disabled" MatchCase="Enabled">
					<Name>O</Name>
					<Pattern>Bank of Nova Scotia</Pattern>
				</DistinguishedNameDefinition>
			</DistinguishedName>
		</CertificateMatch>
		<BackupServerList>
			<HostAddress>ac3.rav.scotiabank.com</HostAddress>
			<HostAddress>ac2.rav.scotiabank.com</HostAddress>
			<HostAddress>ac1.rav.scotiabank.com</HostAddress>
		</BackupServerList>
		<EnableAutomaticServerSelection UserControllable="false">false
			<AutoServerSelectionImprovement>20</AutoServerSelectionImprovement>
			<AutoServerSelectionSuspendTime>4</AutoServerSelectionSuspendTime>
		</EnableAutomaticServerSelection>
		<RetainVpnOnLogoff>false
		</RetainVpnOnLogoff>
	</ClientInitialization>
	<ServerList>
		<HostEntry>
			<HostName>HomeUserVPN</HostName>
			<HostAddress>rav.scotiabank.com</HostAddress>
			<UserGroup>TunnelGrp-EMP-Home-PC</UserGroup>
			<PrimaryProtocol>IPsec</PrimaryProtocol>
		</HostEntry>
		<HostEntry>
			<HostName>EntrustCertRecovery</HostName>
			<HostAddress>rav.scotiabank.com</HostAddress>
			<UserGroup>TunnelGrp-EMP-CertRecovery</UserGroup>
			<PrimaryProtocol>IPsec</PrimaryProtocol>
		</HostEntry>
	</ServerList>
</AnyConnectProfile>
